email,nom,phone,prenom
bdiaz0@jugem.jp,Diaz,"[""269-(807)257-4843""]",Adèle
jduncan1@google.com,Duncan,"[""963-(442)958-8037""]",Lèi
hblack2@ycombinator.com,Black,"[""1-(953)999-2047""]",Réservés
jpalmer3@icio.us,Palmer,"[""7-(555)209-5427""]",Réjane
dfox4@lulu.com,Fox,"[""33-(186)826-8945""]",Naëlle
ebryant5@elpais.com,Bryant,"[""84-(839)895-0278""]",Kù
carnold6@illinois.edu,Arnold,"[""46-(778)439-1689""]",Lucrèce
mmendoza7@quantcast.com,Mendoza,"[""389-(715)465-7146""]",Bérengère
jmeyer8@twitter.com,Meyer,"[""1-(221)287-3782""]",Athéna
dhicks9@addthis.com,Hicks,"[""216-(703)873-5192""]",Cloé
vchaveza@tinyurl.com,Chavez,"[""53-(471)225-4681""]",Maïly
celliottb@va.gov,Elliott,"[""86-(827)468-3943""]",Maéna
hrussellc@goo.gl,Russell,"[""994-(628)305-0317""]",Méryl
hmeyerd@delicious.com,Meyer,"[""63-(982)159-7604""]",Nélie
jstevense@odnoklassniki.ru,Stevens,"[""995-(218)512-6660""]",Maëlla
calexanderf@webnode.com,Alexander,"[""86-(258)542-5729""]",Fèi
whicksg@ftc.gov,Hicks,"[""62-(880)797-6789""]",Kévina
mmoralesh@aol.com,Morales,"[""420-(179)494-2484""]",Thérèsa
mbanksi@bloglines.com,Banks,"[""591-(658)860-6500""]",Pénélope
estevensj@multiply.com,Stevens,"[""966-(490)393-1318""]",Maëline
jwatkinsk@weather.com,Watkins,"[""962-(888)909-4799""]",Anaëlle
darmstrongl@feedburner.com,Armstrong,"[""7-(818)659-1624""]",Maëlyss
cricem@tamu.edu,Rice,"[""62-(152)418-5398""]",Clémentine
jcarrn@delicious.com,Carr,"[""86-(119)192-1696""]",Nélie
rphillipso@fastcompany.com,Phillips,"[""33-(731)243-1260""]",Mélanie
ggilbertp@usgs.gov,Gilbert,"[""672-(884)278-4916""]",Kù
jwashingtonq@squidoo.com,Washington,"[""372-(324)469-4615""]",Adélaïde
rvasquezr@vistaprint.com,Vasquez,"[""351-(913)613-0114""]",Mylène
bmeyers@com.com,Meyer,"[""258-(723)141-0087""]",Pélagie
cgomezt@weebly.com,Gomez,"[""968-(815)257-8385""]",Personnalisée
mwatsonu@nifty.com,Watson,"[""62-(567)895-8847""]",Mélodie
jalexanderv@amazon.co.jp,Alexander,"[""63-(121)617-0011""]",Fèi
rharveyw@telegraph.co.uk,Harvey,"[""81-(347)164-1982""]",Noëlla
cmillerx@fda.gov,Miller,"[""1-(253)269-0154""]",Célia
pmedinay@imdb.com,Medina,"[""63-(857)418-9704""]",Mélissandre
kreyesz@delicious.com,Reyes,"[""56-(137)910-2583""]",Edmée
jhamilton10@foxnews.com,Hamilton,"[""62-(917)313-0414""]",Personnalisée
vgordon11@sciencedirect.com,Gordon,"[""7-(650)674-0408""]",Rébecca
jstone12@umn.edu,Stone,"[""33-(248)338-7676""]",Dorothée
jandrews13@auda.org.au,Andrews,"[""62-(506)860-3841""]",Loïc
rphillips14@unc.edu,Phillips,"[""1-(316)977-1848""]",Zhì
cstanley15@devhub.com,Stanley,"[""86-(626)310-8324""]",Géraldine
lwilliams16@bloglovin.com,Williams,"[""62-(393)795-2164""]",Séréna
slong17@shop-pro.jp,Long,"[""230-(855)762-2087""]",Léonore
hjames18@google.pl,James,"[""249-(119)913-7825""]",Erwéi
bramos19@t.co,Ramos,"[""63-(954)676-2668""]",Noémie
arichardson1a@tripadvisor.com,Richardson,"[""46-(362)391-3652""]",Adèle
hwillis1b@bbc.co.uk,Willis,"[""7-(784)244-6521""]",Clémentine
along1c@com.com,Long,"[""48-(610)817-0981""]",Solène
dcarroll1d@toplist.cz,Carroll,"[""63-(377)373-4208""]",Dà
sjohnson1e@sphinn.com,Johnson,"[""30-(303)137-6348""]",Esbjörn
ewells1f@fastcompany.com,Wells,"[""1-(276)891-7765""]",Cléa
cmorris1g@wp.com,Morris,"[""51-(730)191-4320""]",Östen
iweaver1h@usatoday.com,Weaver,"[""46-(538)742-0065""]",Alizée
jwalker1i@people.com.cn,Walker,"[""7-(603)876-2565""]",Lóng
sgarcia1j@trellian.com,Garcia,"[""591-(849)224-3173""]",Séverine
chill1k@baidu.com,Hill,"[""235-(809)206-8905""]",Bérangère
celliott1l@ehow.com,Elliott,"[""7-(946)887-0120""]",Cinéma
rwagner1m@1688.com,Wagner,"[""591-(331)406-7505""]",Méryl
shansen1n@linkedin.com,Hansen,"[""380-(687)509-8483""]",Lén
tjenkins1o@bloglines.com,Jenkins,"[""48-(269)804-0860""]",Mélodie
sbailey1p@si.edu,Bailey,"[""977-(231)185-1707""]",Adélaïde
jhudson1q@oaic.gov.au,Hudson,"[""86-(789)121-0822""]",Gaïa
jflores1r@macromedia.com,Flores,"[""63-(999)421-8524""]",Illustrée
shenderson1s@globo.com,Henderson,"[""352-(572)115-2711""]",Ráo
mflores1t@google.fr,Flores,"[""33-(270)956-2757""]",Stéphanie
wgordon1u@aboutads.info,Gordon,"[""351-(183)241-4467""]",Méghane
phart1v@istockphoto.com,Hart,"[""251-(587)573-8072""]",Océane
jflores1w@earthlink.net,Flores,"[""62-(262)342-1633""]",Lóng
sschmidt1x@virginia.edu,Schmidt,"[""58-(474)892-1954""]",Gisèle
agreene1y@blinklist.com,Greene,"[""53-(825)723-6529""]",Anaïs
rboyd1z@utexas.edu,Boyd,"[""86-(981)996-6946""]",Zhì
ephillips20@hhs.gov,Phillips,"[""86-(543)947-0203""]",Marie-thérèse
sjordan21@hugedomains.com,Jordan,"[""51-(919)271-7133""]",Séréna
dcoleman22@ucoz.com,Coleman,"[""86-(857)945-1947""]",Wá
pgarza23@dagondesign.com,Garza,"[""212-(647)657-7758""]",Thérèse
apatterson24@netvibes.com,Patterson,"[""81-(105)776-6961""]",Naëlle
jgibson25@feedburner.com,Gibson,"[""86-(842)218-8914""]",Nuó
btucker26@gizmodo.com,Tucker,"[""48-(692)260-4147""]",Intéressant
bdean27@so-net.ne.jp,Dean,"[""46-(689)231-5288""]",Audréanne
vbarnes28@t-online.de,Barnes,"[""850-(648)636-1877""]",Alizée
tsanchez29@samsung.com,Sanchez,"[""30-(459)979-1688""]",Laïla
dshaw2a@reverbnation.com,Shaw,"[""353-(828)910-4485""]",Marie-hélène
bcarr2b@vk.com,Carr,"[""51-(857)727-8560""]",Mélinda
cgardner2c@mozilla.org,Gardner,"[""251-(145)238-7981""]",Mahélie
cferguson2d@dedecms.com,Ferguson,"[""33-(558)935-9964""]",Yè
ghicks2e@scribd.com,Hicks,"[""51-(744)235-4901""]",Mélinda
jgrant2f@narod.ru,Grant,"[""86-(960)969-5076""]",Méthode
areid2g@fda.gov,Reid,"[""86-(539)481-1278""]",Estée
tandrews2h@jigsy.com,Andrews,"[""233-(901)642-9061""]",Publicité
bgutierrez2i@psu.edu,Gutierrez,"[""62-(382)625-0315""]",Clémentine
aadams2j@mac.com,Adams,"[""7-(123)964-1337""]",Judicaël
afox2k@webmd.com,Fox,"[""971-(213)966-9013""]",Wá
vburns2l@jimdo.com,Burns,"[""86-(630)286-7620""]",Anaé
llopez2m@xinhuanet.com,Lopez,"[""7-(589)682-9582""]",Laurène
spatterson2n@mashable.com,Patterson,"[""86-(848)632-8428""]",Måns
ffisher2o@cbslocal.com,Fisher,"[""58-(395)454-7049""]",Cécilia
bfernandez2p@slideshare.net,Fernandez,"[""86-(928)455-6814""]",Styrbjörn
jmorrison2q@state.tx.us,Morrison,"[""62-(669)508-1709""]",Léane
jdixon2r@yellowbook.com,Dixon,"[""370-(978)278-4543""]",Lauréna
akim2s@hud.gov,Kim,"[""86-(865)185-8524""]",Björn
rlawrence2t@microsoft.com,Lawrence,"[""33-(788)979-8671""]",Françoise
fhart2u@fc2.com,Hart,"[""92-(300)734-2033""]",Océanne
rnelson2v@dmoz.org,Nelson,"[""420-(304)711-5137""]",Andrée
lbanks2w@multiply.com,Banks,"[""86-(512)526-9726""]",Véronique
cgarcia2x@360.cn,Garcia,"[""86-(933)133-2314""]",Maï
rharvey2y@examiner.com,Harvey,"[""33-(349)891-1541""]",Yú
tfoster2z@prweb.com,Foster,"[""7-(283)667-9660""]",Béatrice
ascott30@acquirethisname.com,Scott,"[""36-(510)335-8975""]",Séverine
swallace31@github.io,Wallace,"[""52-(137)506-4937""]",Vérane
jwells32@illinois.edu,Wells,"[""212-(836)680-0653""]",Håkan
cwatson33@shop-pro.jp,Watson,"[""27-(883)111-3620""]",Loïc
emendoza34@reddit.com,Mendoza,"[""386-(940)850-8900""]",Gaïa
jrichardson35@storify.com,Richardson,"[""86-(716)168-6072""]",Eléa
warnold36@last.fm,Arnold,"[""7-(736)765-4476""]",Annotée
sford37@last.fm,Ford,"[""386-(972)578-0339""]",Pål
kryan38@flavors.me,Ryan,"[""62-(115)976-2647""]",Mélia
lrichards39@moonfruit.com,Richards,"[""81-(798)494-0589""]",Garçon
afowler3a@amazon.co.uk,Fowler,"[""93-(417)934-0738""]",Stéphanie
cfields3b@hatena.ne.jp,Fields,"[""46-(262)603-9796""]",Méthode
aburns3c@omniture.com,Burns,"[""33-(724)829-9756""]",Océane
sbaker3d@mapy.cz,Baker,"[""62-(421)127-8198""]",Cécilia
jalexander3e@google.ca,Alexander,"[""967-(348)101-8487""]",Inès
mdiaz3f@cbsnews.com,Diaz,"[""86-(917)203-6147""]",Wá
jbishop3g@va.gov,Bishop,"[""81-(737)317-2245""]",Maïlis
cknight3h@salon.com,Knight,"[""62-(714)501-5065""]",Néhémie
pgreen3i@ted.com,Green,"[""66-(648)105-5074""]",Sélène
cperkins3j@networksolutions.com,Perkins,"[""886-(592)676-9295""]",Loïc
dalvarez3k@theguardian.com,Alvarez,"[""62-(449)868-9604""]",Noëlla
mchavez3l@studiopress.com,Chavez,"[""420-(468)836-9551""]",Médiamass
tlee3m@ustream.tv,Lee,"[""86-(586)714-6407""]",Maï
cgarcia3n@ask.com,Garcia,"[""850-(981)825-5738""]",Léonore
hjames3o@eepurl.com,James,"[""48-(171)516-0160""]",Lài
jroberts3p@bloomberg.com,Roberts,"[""82-(824)730-4472""]",Miléna
kstephens3q@ox.ac.uk,Stephens,"[""855-(979)334-8357""]",Léone
ipalmer3r@google.com.au,Palmer,"[""358-(553)483-9429""]",Yóu
rmccoy3s@answers.com,Mccoy,"[""992-(254)771-0762""]",Adélaïde
kmoore3t@hhs.gov,Moore,"[""62-(626)790-1596""]",Béatrice
rlane3u@deliciousdays.com,Lane,"[""30-(131)288-6343""]",Rébecca
agonzalez3v@imageshack.us,Gonzalez,"[""62-(669)814-8741""]",Lauréna
prichards3w@acquirethisname.com,Richards,"[""216-(357)379-8020""]",Jú
kdixon3x@mozilla.com,Dixon,"[""46-(915)162-7651""]",Estée
ckelly3y@goo.gl,Kelly,"[""355-(842)691-3410""]",Judicaël
lweaver3z@1und1.de,Weaver,"[""54-(183)973-9669""]",Léandre
dboyd40@google.es,Boyd,"[""86-(464)205-7573""]",Thérèsa
palvarez41@huffingtonpost.com,Alvarez,"[""86-(653)922-4704""]",Camélia
bwallace42@nationalgeographic.com,Wallace,"[""54-(671)705-6393""]",Åke
mmurphy43@washington.edu,Murphy,"[""86-(689)398-1126""]",Camélia
gbryant44@desdev.cn,Bryant,"[""1-(585)980-5296""]",Cinéma
awatkins45@flavors.me,Watkins,"[""62-(679)241-2074""]",Håkan
sjacobs46@mapquest.com,Jacobs,"[""86-(488)546-0933""]",Léonie
pwillis47@paypal.com,Willis,"[""509-(854)506-5657""]",Méghane
jriley48@boston.com,Riley,"[""63-(301)737-7034""]",Maëlle
bwatson49@123-reg.co.uk,Watson,"[""387-(199)987-5540""]",Laïla
wsanders4a@hibu.com,Sanders,"[""86-(404)549-7728""]",Cécilia
mfisher4b@usda.gov,Fisher,"[""55-(656)806-0752""]",Marie-josée
alane4c@nydailynews.com,Lane,"[""62-(222)868-5173""]",Eugénie
dfisher4d@elpais.com,Fisher,"[""351-(357)760-2055""]",Cléopatre
wharrison4e@comsenz.com,Harrison,"[""62-(642)306-4904""]",Bénédicte
jgibson4f@i2i.jp,Gibson,"[""57-(463)502-2973""]",Esbjörn
dadams4g@goo.gl,Adams,"[""52-(730)316-8853""]",Uò
aryan4h@nydailynews.com,Ryan,"[""57-(296)583-5659""]",Maïly
lwoods4i@people.com.cn,Woods,"[""504-(521)534-5828""]",Félicie
janderson4j@bloglovin.com,Anderson,"[""63-(993)624-2971""]",Loïs
dburton4k@unicef.org,Burton,"[""62-(439)833-4248""]",Maëlyss
dbell4l@wix.com,Bell,"[""1-(615)141-9221""]",Annotés
acole4m@geocities.jp,Cole,"[""54-(972)969-2626""]",Réjane
swest4n@twitpic.com,West,"[""1-(248)636-9048""]",Mélia
gbanks4o@tiny.cc,Banks,"[""52-(465)122-9118""]",Marylène
jgriffin4p@godaddy.com,Griffin,"[""86-(764)401-2287""]",Estée
kgarrett4q@cbslocal.com,Garrett,"[""86-(228)778-6692""]",Mélanie
kharrison4r@live.com,Harrison,"[""62-(345)806-2122""]",Océanne
llynch4s@discovery.com,Lynch,"[""63-(139)131-8886""]",Personnalisée
adaniels4t@whitehouse.gov,Daniels,"[""62-(827)316-6322""]",Åslög
jwoods4u@tinyurl.com,Woods,"[""351-(737)893-4713""]",Loïc
adiaz4v@epa.gov,Diaz,"[""86-(439)200-4017""]",Dù
sfields4w@artisteer.com,Fields,"[""62-(302)812-9045""]",Solène
dfernandez4x@wsj.com,Fernandez,"[""27-(531)604-7693""]",Eléa
jtorres4y@flavors.me,Torres,"[""46-(302)610-3805""]",Annotée
lyoung4z@hexun.com,Young,"[""46-(262)613-2849""]",Örjan
lgray50@admin.ch,Gray,"[""51-(242)348-8442""]",Bérangère
kgardner51@columbia.edu,Gardner,"[""7-(231)776-4393""]",Thérèsa
jmccoy52@ezinearticles.com,Mccoy,"[""1-(212)776-0782""]",Noémie
rarmstrong53@rakuten.co.jp,Armstrong,"[""380-(363)215-0693""]",Nuó
bmitchell54@cyberchimps.com,Mitchell,"[""254-(737)632-2043""]",Táng
fwilliamson55@constantcontact.com,Williamson,"[""353-(449)747-5391""]",Nadège
mdaniels56@sina.com.cn,Daniels,"[""66-(541)163-0439""]",Ráo
abanks57@free.fr,Banks,"[""502-(921)819-6559""]",Noëlla
jruiz58@fema.gov,Ruiz,"[""351-(477)679-9128""]",Aí
hpeters59@ow.ly,Peters,"[""269-(193)586-3524""]",Liè
snelson5a@baidu.com,Nelson,"[""54-(514)846-0673""]",Laurélie
rhunter5b@is.gd,Hunter,"[""27-(778)244-0428""]",Maëlann
asanders5c@miitbeian.gov.cn,Sanders,"[""375-(212)266-1515""]",Hélène
dbishop5d@intel.com,Bishop,"[""81-(387)460-4949""]",Stéphanie
kgarza5e@amazon.co.jp,Garza,"[""33-(107)164-6351""]",Méryl
mmorris5f@about.com,Morris,"[""7-(696)305-7784""]",Béatrice
wjames5g@webnode.com,James,"[""351-(847)715-9669""]",Athéna
shenderson5h@unesco.org,Henderson,"[""63-(851)999-0305""]",Dafnée
rhart5i@themeforest.net,Hart,"[""30-(428)478-8978""]",Marlène
garmstrong5j@sfgate.com,Armstrong,"[""84-(873)460-1883""]",Angèle
sharper5k@census.gov,Harper,"[""375-(568)113-6855""]",Maëly
cgreene5l@theglobeandmail.com,Greene,"[""855-(499)687-5086""]",Méline
mschmidt5m@addthis.com,Schmidt,"[""976-(735)569-3338""]",Mélodie
arichards5n@loc.gov,Richards,"[""7-(335)808-6407""]",Stéphanie
jreynolds5o@sphinn.com,Reynolds,"[""381-(792)826-2072""]",Félicie
smedina5p@ocn.ne.jp,Medina,"[""355-(385)777-7527""]",Gisèle
jbell5q@omniture.com,Bell,"[""7-(882)780-3147""]",Pénélope
rdean5r@seesaa.net,Dean,"[""57-(219)621-3457""]",Yénora
tdixon5s@mozilla.org,Dixon,"[""86-(472)853-3850""]",Maïlis
slittle5t@mapquest.com,Little,"[""237-(251)729-9380""]",Andréanne
dyoung5u@wired.com,Young,"[""63-(727)632-6275""]",Frédérique
wsanchez5v@imgur.com,Sanchez,"[""55-(928)459-1232""]",Maïlys
mmills5w@buzzfeed.com,Mills,"[""7-(788)800-8074""]",Rachèle
tshaw5x@whitehouse.gov,Shaw,"[""98-(200)117-0110""]",Kallisté
nmurphy5y@ow.ly,Murphy,"[""30-(742)466-2454""]",Vénus
tprice5z@ow.ly,Price,"[""1-(330)351-7286""]",Marie-ève
bgriffin60@last.fm,Griffin,"[""86-(408)505-8761""]",Audréanne
mlee61@rakuten.co.jp,Lee,"[""963-(103)709-0324""]",Bécassine
lprice62@sfgate.com,Price,"[""33-(928)401-1261""]",Estève
fmedina63@dot.gov,Medina,"[""62-(457)427-4982""]",Torbjörn
jmills64@paginegialle.it,Mills,"[""55-(263)855-5552""]",Mahélie
bnguyen65@tripadvisor.com,Nguyen,"[""48-(403)256-9678""]",Adélaïde
jgrant66@zdnet.com,Grant,"[""30-(656)818-3740""]",Mélissandre
dhicks67@google.fr,Hicks,"[""55-(804)709-5170""]",Yénora
mnichols68@usgs.gov,Nichols,"[""86-(690)982-8713""]",Yè
ecox69@oracle.com,Cox,"[""63-(928)462-5336""]",Zhì
rellis6a@jugem.jp,Ellis,"[""52-(229)643-8868""]",Mélia
mprice6b@salon.com,Price,"[""351-(951)491-2029""]",Eloïse
kdean6c@tiny.cc,Dean,"[""46-(167)191-9912""]",Kévina
rmartinez6d@miibeian.gov.cn,Martinez,"[""46-(382)145-3990""]",Léana
slittle6e@ox.ac.uk,Little,"[""33-(341)340-3981""]",Léandre
twebb6f@artisteer.com,Webb,"[""880-(990)713-0178""]",Loïs
efox6g@youtu.be,Fox,"[""33-(393)296-3651""]",Vérane
mhart6h@geocities.com,Hart,"[""86-(861)840-5515""]",Méryl
bmills6i@hugedomains.com,Mills,"[""420-(485)602-3530""]",Michèle
bmiller6j@people.com.cn,Miller,"[""7-(413)303-3527""]",Aí
jwhite6k@printfriendly.com,White,"[""48-(565)883-1116""]",Clémentine
dharper6l@newyorker.com,Harper,"[""351-(245)599-4639""]",Marie-hélène
ljames6m@shareasale.com,James,"[""507-(977)906-5900""]",Garçon
rwarren6n@chronoengine.com,Warren,"[""86-(156)899-8911""]",Aí
rtorres6o@sitemeter.com,Torres,"[""48-(132)877-8413""]",Noémie
chughes6p@google.co.uk,Hughes,"[""357-(502)134-2662""]",Nélie
jstanley6q@yellowbook.com,Stanley,"[""86-(587)317-9890""]",Adélaïde
cmiller6r@sina.com.cn,Miller,"[""1-(214)168-2837""]",Örjan
mcooper6s@nyu.edu,Cooper,"[""385-(752)249-7892""]",Liè
sgriffin6t@privacy.gov.au,Griffin,"[""86-(377)536-7682""]",Örjan
ssimmons6u@parallels.com,Simmons,"[""51-(444)888-1652""]",Eloïse
spalmer6v@mozilla.org,Palmer,"[""381-(981)606-7618""]",Léana
frobertson6w@livejournal.com,Robertson,"[""31-(206)472-3094""]",Mélinda
dhudson6x@wordpress.org,Hudson,"[""55-(262)687-8713""]",André
mallen6y@spiegel.de,Allen,"[""7-(921)216-9064""]",Gisèle
ntucker6z@bing.com,Tucker,"[""63-(133)821-0529""]",Yú
sdiaz70@ihg.com,Diaz,"[""86-(334)788-4693""]",Cécilia
jhayes71@hc360.com,Hayes,"[""7-(535)666-0032""]",Kallisté
pjohnston72@mysql.com,Johnston,"[""54-(375)410-7160""]",Zoé
jmatthews73@mtv.com,Matthews,"[""62-(282)431-8607""]",Irène
drose74@nsw.gov.au,Rose,"[""86-(814)368-1954""]",Séréna
ahoward75@xrea.com,Howard,"[""86-(517)562-7232""]",Aí
hfowler76@slideshare.net,Fowler,"[""86-(691)801-9681""]",Rachèle
mellis77@umich.edu,Ellis,"[""7-(982)417-9533""]",Gisèle
vjenkins78@bravesites.com,Jenkins,"[""62-(503)812-3990""]",Dorothée
mchapman79@indiegogo.com,Chapman,"[""55-(558)738-1929""]",Célestine
award7a@is.gd,Ward,"[""62-(339)441-1129""]",Bérénice
dday7b@youku.com,Day,"[""54-(532)975-5349""]",Maëlla
hnichols7c@google.ru,Nichols,"[""81-(791)627-7677""]",Åke
vhawkins7d@discuz.net,Hawkins,"[""33-(404)923-9668""]",Esbjörn
astanley7e@state.tx.us,Stanley,"[""98-(979)127-0482""]",Kévina
pmason7f@ocn.ne.jp,Mason,"[""63-(230)732-8226""]",Ráo
jrichardson7g@mysql.com,Richardson,"[""1-(360)714-0650""]",Cunégonde
twalker7h@tiny.cc,Walker,"[""963-(692)103-9206""]",Cloé
rrose7i@symantec.com,Rose,"[""255-(297)782-5775""]",Geneviève
barmstrong7j@google.com.au,Armstrong,"[""86-(400)859-8414""]",Magdalène
eclark7k@yahoo.com,Clark,"[""54-(294)428-2802""]",Léandre
tgreen7l@unicef.org,Green,"[""7-(296)125-9992""]",Danièle
glittle7m@bluehost.com,Little,"[""1-(425)523-7249""]",Edmée
jgraham7n@marketwatch.com,Graham,"[""63-(124)477-9324""]",Méng
pwatkins7o@elpais.com,Watkins,"[""993-(567)961-8088""]",Eloïse
fstanley7p@sitemeter.com,Stanley,"[""504-(260)358-4925""]",Desirée
tmorales7q@mac.com,Morales,"[""46-(445)570-9143""]",Yénora
pgonzalez7r@theglobeandmail.com,Gonzalez,"[""86-(727)541-8441""]",Clémentine
apayne7s@t-online.de,Payne,"[""33-(818)279-1034""]",Börje
bmeyer7t@miibeian.gov.cn,Meyer,"[""62-(263)748-1014""]",Esbjörn
dlittle7u@stanford.edu,Little,"[""57-(416)859-0260""]",Mélina
rhall7v@constantcontact.com,Hall,"[""86-(451)261-0447""]",Pål
psullivan7w@wunderground.com,Sullivan,"[""86-(688)847-8262""]",Maïlis
mrice7x@washington.edu,Rice,"[""66-(335)202-2579""]",Nuó
bmartin7y@accuweather.com,Martin,"[""359-(206)863-8725""]",Maïly
kgraham7z@gov.uk,Graham,"[""598-(685)158-3293""]",Méghane
erobertson80@nature.com,Robertson,"[""351-(866)114-5723""]",Esbjörn
cbarnes81@over-blog.com,Barnes,"[""972-(714)242-1747""]",Edmée
jwelch82@joomla.org,Welch,"[""63-(314)105-0806""]",Bécassine
khudson83@biblegateway.com,Hudson,"[""353-(978)378-0283""]",Maéna
cstevens84@printfriendly.com,Stevens,"[""351-(614)245-2142""]",Bécassine
cnelson85@cnn.com,Nelson,"[""62-(983)609-0569""]",Noëlla
cjenkins86@imageshack.us,Jenkins,"[""1-(674)101-3328""]",Renée
hgardner87@latimes.com,Gardner,"[""7-(549)163-9227""]",Daphnée
ahicks88@ning.com,Hicks,"[""27-(913)689-1019""]",Fèi
bgomez89@state.tx.us,Gomez,"[""86-(688)683-9901""]",Mégane
kharrison8a@rakuten.co.jp,Harrison,"[""7-(973)715-8068""]",Maëlann
mdean8b@mysql.com,Dean,"[""46-(395)306-7444""]",Néhémie
aknight8c@sogou.com,Knight,"[""58-(803)807-7105""]",Adélaïde
jortiz8d@examiner.com,Ortiz,"[""7-(443)186-7799""]",Marie-hélène
hromero8e@amazonaws.com,Romero,"[""63-(620)295-6417""]",Bénédicte
jwalker8f@imgur.com,Walker,"[""1-(848)906-4300""]",Yáo
egarcia8g@bandcamp.com,Garcia,"[""1-(626)165-5410""]",Almérinda
pbishop8h@sina.com.cn,Bishop,"[""86-(404)163-9461""]",Tú
kcox8i@netscape.com,Cox,"[""1-(801)873-3377""]",Clélia
carmstrong8j@ucoz.ru,Armstrong,"[""62-(686)937-6364""]",Solène
sreed8k@cdc.gov,Reed,"[""53-(835)800-5990""]",Danièle
acoleman8l@pagesperso-orange.fr,Coleman,"[""963-(822)468-5529""]",Pål
jsimmons8m@cam.ac.uk,Simmons,"[""86-(753)624-9165""]",Kuí
shawkins8n@dailymail.co.uk,Hawkins,"[""504-(479)524-6223""]",Hélèna
aelliott8o@washingtonpost.com,Elliott,"[""62-(304)426-9335""]",Aurélie
jmeyer8p@bluehost.com,Meyer,"[""7-(653)237-3889""]",Maéna
kbishop8q@about.com,Bishop,"[""62-(988)738-6320""]",Lucrèce
afields8r@jimdo.com,Fields,"[""63-(442)471-1270""]",Laurène
rmartinez8s@dot.gov,Martinez,"[""7-(353)941-2268""]",Yénora
lhoward8t@buzzfeed.com,Howard,"[""976-(241)157-1805""]",Naëlle
fross8u@dagondesign.com,Ross,"[""62-(549)342-1532""]",Åke
ewest8v@pcworld.com,West,"[""7-(312)373-0768""]",Maï
kjenkins8w@foxnews.com,Jenkins,"[""967-(527)157-8528""]",Mélinda
ldaniels8x@weibo.com,Daniels,"[""63-(324)292-3026""]",Gösta
hreid8y@businessweek.com,Reid,"[""86-(493)548-7706""]",Maëly
hburns8z@samsung.com,Burns,"[""51-(943)302-4961""]",Eliès
mtorres90@phpbb.com,Torres,"[""54-(434)426-7570""]",Cinéma
fhudson91@is.gd,Hudson,"[""86-(516)522-3517""]",Esbjörn
erivera92@flickr.com,Rivera,"[""63-(167)241-8839""]",Vénus
swells93@yellowpages.com,Wells,"[""86-(662)969-7129""]",Joséphine
charper94@blogs.com,Harper,"[""63-(196)852-6564""]",Håkan
wfranklin95@imageshack.us,Franklin,"[""81-(215)788-0922""]",Intéressant
sclark96@examiner.com,Clark,"[""592-(144)748-2110""]",Méghane
fmorris97@infoseek.co.jp,Morris,"[""86-(135)534-4815""]",Lén
ghowell98@yandex.ru,Howell,"[""62-(485)924-5974""]",Magdalène
eandrews99@vimeo.com,Andrews,"[""357-(732)787-0546""]",Yénora
hsanchez9a@qq.com,Sanchez,"[""591-(162)219-4884""]",Maëlann
erichardson9b@php.net,Richardson,"[""7-(840)954-6263""]",Clémence
spatterson9c@hp.com,Patterson,"[""86-(577)401-6345""]",Laurélie
mcole9d@hugedomains.com,Cole,"[""86-(768)421-7994""]",Adélaïde
jmorales9e@unicef.org,Morales,"[""86-(889)900-7835""]",Aí
jbarnes9f@addthis.com,Barnes,"[""7-(229)141-0715""]",Loïca
ahughes9g@hao123.com,Hughes,"[""55-(176)725-6259""]",Gaïa
wwest9h@php.net,West,"[""48-(718)107-0772""]",Örjan
glopez9i@unc.edu,Lopez,"[""61-(793)650-6792""]",Mahélie
tcarroll9j@theatlantic.com,Carroll,"[""593-(750)397-8007""]",Sòng
along9k@ebay.co.uk,Long,"[""86-(885)836-7697""]",Almérinda
hryan9l@geocities.jp,Ryan,"[""212-(587)212-5301""]",Fèi
jford9m@squarespace.com,Ford,"[""62-(929)879-7818""]",Cloé
ayoung9n@spiegel.de,Young,"[""27-(178)840-9706""]",Véronique
ahowell9o@t.co,Howell,"[""62-(369)752-5665""]",Simplifiés
gthomas9p@noaa.gov,Thomas,"[""1-(352)616-8214""]",Marie-noël
bvasquez9q@nationalgeographic.com,Vasquez,"[""1-(617)116-2840""]",Maéna
twagner9r@msu.edu,Wagner,"[""27-(618)510-8535""]",Crééz
kcooper9s@surveymonkey.com,Cooper,"[""86-(865)333-5046""]",Maëlys
jgilbert9t@xing.com,Gilbert,"[""358-(983)861-9242""]",Mélodie
btorres9u@phpbb.com,Torres,"[""60-(333)856-1127""]",Dorothée
tsanchez9v@t.co,Sanchez,"[""46-(451)586-8643""]",Lèi
sedwards9w@ucsd.edu,Edwards,"[""86-(907)310-8383""]",Faîtes
jmendoza9x@berkeley.edu,Mendoza,"[""86-(464)749-9494""]",Fèi
jporter9y@cbsnews.com,Porter,"[""351-(678)449-3360""]",Sélène
tschmidt9z@domainmarket.com,Schmidt,"[""81-(758)307-7036""]",Réjane
jedwardsa0@ibm.com,Edwards,"[""7-(144)664-0174""]",Örjan
jdunna1@reuters.com,Dunn,"[""63-(978)396-7988""]",André
gwallacea2@slate.com,Wallace,"[""48-(683)783-1626""]",Célestine
jkinga3@cdbaby.com,King,"[""1-(773)786-8409""]",Yóu
esmitha4@constantcontact.com,Smith,"[""63-(671)799-2464""]",Nélie
sjordana5@ebay.com,Jordan,"[""7-(222)151-1571""]",Andréa
bstevensa6@privacy.gov.au,Stevens,"[""84-(592)840-8856""]",Bénédicte
cstevensa7@msn.com,Stevens,"[""234-(773)593-5738""]",Kuí
ecollinsa8@sbwire.com,Collins,"[""33-(768)577-4556""]",Estève
mgomeza9@ycombinator.com,Gomez,"[""972-(253)869-0965""]",Wá
swellsaa@so-net.ne.jp,Wells,"[""55-(659)366-9921""]",Anaé
treynoldsab@creativecommons.org,Reynolds,"[""7-(514)138-7208""]",Märta
jmorenoac@wordpress.com,Moreno,"[""7-(564)937-7135""]",Océanne
ngibsonad@cbc.ca,Gibson,"[""86-(475)980-8529""]",Ophélie
klynchae@privacy.gov.au,Lynch,"[""48-(733)611-7171""]",Eloïse
bmartinaf@cafepress.com,Martin,"[""46-(612)669-6317""]",Åslög
rmooreag@about.me,Moore,"[""86-(876)261-4728""]",Mahélie
dgrahamah@ucsd.edu,Graham,"[""234-(600)673-3606""]",Cléopatre
lrichardsonai@goo.gl,Richardson,"[""62-(387)667-5764""]",Clélia
cburkeaj@xing.com,Burke,"[""92-(485)641-2453""]",Bérengère
rmedinaak@ask.com,Medina,"[""256-(999)207-8233""]",Renée
ebakeral@yellowbook.com,Baker,"[""57-(671)213-7826""]",Léonie
rreyesam@hhs.gov,Reyes,"[""86-(856)170-3768""]",Méng
llittlean@freewebs.com,Little,"[""86-(465)443-7391""]",Dà
kbrownao@sohu.com,Brown,"[""967-(449)261-4328""]",Andréanne
scollinsap@japanpost.jp,Collins,"[""63-(184)488-6913""]",Béatrice
kcunninghamaq@seesaa.net,Cunningham,"[""244-(208)489-3712""]",Magdalène
emillerar@live.com,Miller,"[""7-(912)384-9149""]",Vénus
jkennedyas@discovery.com,Kennedy,"[""967-(919)446-3855""]",Östen
grossat@vimeo.com,Ross,"[""33-(715)410-5886""]",Håkan
anguyenau@jimdo.com,Nguyen,"[""81-(959)616-1820""]",Anaïs
hfloresav@over-blog.com,Flores,"[""351-(703)834-1695""]",Adélaïde
mcampbellaw@ebay.com,Campbell,"[""86-(611)953-2576""]",Stévina
rkennedyax@scribd.com,Kennedy,"[""81-(266)406-8789""]",Nadège
brodriguezay@nba.com,Rodriguez,"[""93-(358)108-4703""]",Sòng
awrightaz@eventbrite.com,Wright,"[""7-(435)206-1231""]",Amélie
rbaileyb0@nymag.com,Bailey,"[""53-(665)409-0818""]",Magdalène
cwilsonb1@instagram.com,Wilson,"[""86-(968)196-6433""]",Maïlys
pcastillob2@goo.gl,Castillo,"[""62-(883)824-0372""]",Anaëlle
bsimpsonb3@rakuten.co.jp,Simpson,"[""81-(974)498-2504""]",Eléa
jwillisb4@cafepress.com,Willis,"[""63-(778)230-1284""]",Mélia
kwhiteb5@wix.com,White,"[""86-(334)195-4841""]",Garçon
dcollinsb6@youtube.com,Collins,"[""358-(292)120-3126""]",Mégane
bbrownb7@squidoo.com,Brown,"[""60-(517)687-5411""]",Táng
jbowmanb8@webnode.com,Bowman,"[""66-(429)820-6350""]",Athéna
amartinezb9@unesco.org,Martinez,"[""351-(536)330-0783""]",Anaé
ltorresba@telegraph.co.uk,Torres,"[""1-(607)273-1413""]",Mårten
rwillisbb@microsoft.com,Willis,"[""30-(871)878-1833""]",Mélina
rmasonbc@deliciousdays.com,Mason,"[""86-(221)910-1938""]",Anaïs
jruizbd@va.gov,Ruiz,"[""358-(853)239-1315""]",Méghane
tlongbe@tripadvisor.com,Long,"[""48-(388)595-6079""]",Eugénie
mburtonbf@house.gov,Burton,"[""86-(864)700-8027""]",Görel
rhillbg@blogtalkradio.com,Hill,"[""7-(918)628-3000""]",Ophélie
badamsbh@bravesites.com,Adams,"[""33-(163)611-0238""]",Ophélie
rhenrybi@nasa.gov,Henry,"[""385-(599)774-9601""]",Marie-françoise
vrosebj@census.gov,Rose,"[""62-(550)373-9765""]",Méryl
jpetersonbk@tinypic.com,Peterson,"[""380-(710)476-0771""]",Marylène
sbakerbl@alibaba.com,Baker,"[""81-(654)662-2467""]",Méryl
bwoodsbm@businesswire.com,Woods,"[""994-(852)795-4562""]",Danièle
lhendersonbn@va.gov,Henderson,"[""54-(174)967-9677""]",Kuí
wduncanbo@fema.gov,Duncan,"[""86-(585)937-6837""]",Athéna
jfieldsbp@spiegel.de,Fields,"[""964-(272)703-1774""]",Crééz
ngonzalesbq@hp.com,Gonzales,"[""86-(717)805-7073""]",Maëly
khudsonbr@apache.org,Hudson,"[""86-(487)277-2482""]",Dafnée
hgonzalezbs@rakuten.co.jp,Gonzalez,"[""1-(315)350-9265""]",Cécile
lbutlerbt@infoseek.co.jp,Butler,"[""62-(290)879-1253""]",Méryl
cyoungbu@dailymotion.com,Young,"[""62-(337)103-4042""]",Stévina
cmurphybv@cnn.com,Murphy,"[""62-(998)444-0661""]",Mélodie
jgardnerbw@amazon.com,Gardner,"[""7-(560)112-2808""]",Joséphine
ncunninghambx@alibaba.com,Cunningham,"[""685-(288)806-9293""]",Hélèna
dberryby@themeforest.net,Berry,"[""351-(834)962-2098""]",Åke
fhudsonbz@narod.ru,Hudson,"[""421-(306)277-7660""]",Zhì
agrantc0@lulu.com,Grant,"[""1-(302)681-5380""]",Esbjörn
jpricec1@networkadvertising.org,Price,"[""30-(819)354-4923""]",Nadège
emeyerc2@stanford.edu,Meyer,"[""234-(380)564-2151""]",Lauréna
smartinc3@guardian.co.uk,Martin,"[""46-(340)707-3115""]",Mylène
rjonesc4@illinois.edu,Jones,"[""63-(164)745-3821""]",Lorène
pmendozac5@amazon.co.uk,Mendoza,"[""81-(712)613-4228""]",Hélène
jhudsonc6@webeden.co.uk,Hudson,"[""371-(178)564-1355""]",Simplifiés
tmurphyc7@mac.com,Murphy,"[""81-(601)912-8013""]",Bérangère
bhuntc8@w3.org,Hunt,"[""966-(947)932-0073""]",Maïwenn
sortizc9@delicious.com,Ortiz,"[""86-(899)897-5447""]",Réservés
ageorgeca@timesonline.co.uk,George,"[""351-(441)713-4644""]",Kévina
mbrowncb@cam.ac.uk,Brown,"[""51-(110)247-4734""]",Liè
mhamiltoncc@nbcnews.com,Hamilton,"[""351-(715)371-2893""]",Andréa
jfergusoncd@timesonline.co.uk,Ferguson,"[""389-(947)518-2597""]",Lucrèce
awallacece@nytimes.com,Wallace,"[""62-(900)433-0449""]",Méthode
phallcf@webnode.com,Hall,"[""503-(958)853-8475""]",Béatrice
ljonescg@blogtalkradio.com,Jones,"[""55-(104)410-0860""]",Desirée
ethompsonch@purevolume.com,Thompson,"[""1-(412)619-6151""]",Frédérique
acrawfordci@harvard.edu,Crawford,"[""385-(646)847-9185""]",Médiamass
tmatthewscj@xinhuanet.com,Matthews,"[""54-(444)383-9125""]",Stévina
mfowlerck@spotify.com,Fowler,"[""1-(365)657-3000""]",Publicité
jjacobscl@t.co,Jacobs,"[""61-(890)835-2422""]",Yóu
mgreencm@pbs.org,Green,"[""31-(151)665-4812""]",Jú
bportercn@ustream.tv,Porter,"[""86-(145)950-8019""]",Maëlyss
sperryco@technorati.com,Perry,"[""53-(478)740-6504""]",Méline
kmontgomerycp@scribd.com,Montgomery,"[""86-(154)196-0385""]",Adèle
mwallacecq@goo.gl,Wallace,"[""86-(323)282-5065""]",Cléopatre
jcruzcr@squidoo.com,Cruz,"[""30-(454)968-0890""]",Märta
cscottcs@mail.ru,Scott,"[""7-(172)624-8056""]",Régine
tlawsonct@tuttocitta.it,Lawson,"[""86-(355)986-4334""]",Nadège
jhenrycu@irs.gov,Henry,"[""62-(531)430-2238""]",Salomé
mtaylorcv@huffingtonpost.com,Taylor,"[""86-(756)156-1874""]",Kallisté
agreencw@washingtonpost.com,Green,"[""7-(499)642-2183""]",Pål
rwebbcx@gravatar.com,Webb,"[""63-(529)374-8482""]",Intéressant
rwestcy@jimdo.com,West,"[""66-(267)628-9509""]",Clémence
rruizcz@g.co,Ruiz,"[""86-(864)900-0240""]",Yénora
nlawrenced0@ameblo.jp,Lawrence,"[""55-(989)426-7428""]",Intéressant
ahernandezd1@purevolume.com,Hernandez,"[""63-(458)380-3574""]",Crééz
lgrahamd2@fotki.com,Graham,"[""62-(116)229-6752""]",Maï
jmccoyd3@sohu.com,Mccoy,"[""63-(549)107-3544""]",Faîtes
rramosd4@icio.us,Ramos,"[""1-(471)904-9130""]",Noëlla
cstoned5@ca.gov,Stone,"[""49-(678)685-7148""]",Marie-noël
bpetersond6@pagesperso-orange.fr,Peterson,"[""86-(657)543-5200""]",Gaétane
bwatkinsd7@elegantthemes.com,Watkins,"[""51-(501)496-9360""]",Régine
rscottd8@hostgator.com,Scott,"[""420-(583)660-6294""]",Danièle
shilld9@amazonaws.com,Hill,"[""7-(382)886-7281""]",Jú
aolsonda@dedecms.com,Olson,"[""62-(612)633-5181""]",Loïc
ahunterdb@bluehost.com,Hunter,"[""62-(988)216-3634""]",Åke
whalldc@columbia.edu,Hall,"[""389-(249)480-4108""]",Léonie
whansondd@washington.edu,Hanson,"[""238-(909)875-8648""]",Thérèse
swheelerde@businessinsider.com,Wheeler,"[""62-(474)768-9174""]",Ophélie
sweaverdf@nps.gov,Weaver,"[""250-(637)858-2820""]",Méthode
bsimsdg@google.com,Sims,"[""86-(189)851-8868""]",Maëlle
lrobertsondh@bigcartel.com,Robertson,"[""49-(676)321-3896""]",Maëlyss
lrichardsdi@google.ru,Richards,"[""63-(924)799-5962""]",Faîtes
rryandj@elegantthemes.com,Ryan,"[""86-(676)530-0814""]",Océane
kraydk@economist.com,Ray,"[""62-(625)220-0603""]",Camélia
etorresdl@sphinn.com,Torres,"[""46-(458)660-5563""]",Vénus
ebarnesdm@ftc.gov,Barnes,"[""7-(269)337-2028""]",Maïlys
jhendersondn@twitter.com,Henderson,"[""57-(207)233-5999""]",Lóng
wkelleydo@xing.com,Kelley,"[""63-(483)568-9514""]",Noémie
jwatsondp@microsoft.com,Watson,"[""234-(290)390-7127""]",Göran
bholmesdq@cam.ac.uk,Holmes,"[""254-(332)592-2720""]",Mégane
kfowlerdr@phoca.cz,Fowler,"[""86-(642)307-9205""]",Gösta
rgreends@cmu.edu,Green,"[""46-(623)245-0829""]",Noémie
tfranklindt@oaic.gov.au,Franklin,"[""86-(766)451-4126""]",Naëlle
madamsdu@earthlink.net,Adams,"[""504-(207)312-2932""]",Aurélie
jfreemandv@jalbum.net,Freeman,"[""58-(852)422-2983""]",Léonore
farmstrongdw@rambler.ru,Armstrong,"[""48-(333)482-2811""]",Angélique
tcookdx@webeden.co.uk,Cook,"[""86-(509)679-1020""]",Garçon
jsullivandy@wufoo.com,Sullivan,"[""54-(623)372-5841""]",Lén
handersondz@booking.com,Anderson,"[""66-(686)810-3151""]",Cécile
rfernandeze0@slideshare.net,Fernandez,"[""62-(791)347-1282""]",Bérangère
wlanee1@foxnews.com,Lane,"[""62-(458)404-7118""]",Lucrèce
kharte2@china.com.cn,Hart,"[""58-(155)599-6263""]",Magdalène
alawsone3@shutterfly.com,Lawson,"[""63-(903)621-6381""]",Ráo
rbaileye4@springer.com,Bailey,"[""63-(135)122-7966""]",Ophélie
dlynche5@vimeo.com,Lynch,"[""62-(814)169-5659""]",Mégane
jwellse6@vk.com,Wells,"[""7-(711)311-5617""]",Intéressant
rcarre7@ibm.com,Carr,"[""62-(214)469-2174""]",Salomé
ccolemane8@ustream.tv,Coleman,"[""63-(346)742-7909""]",Mahélie
fspencere9@noaa.gov,Spencer,"[""387-(733)535-7048""]",Anaël
pphillipsea@shinystat.com,Phillips,"[""963-(679)310-5803""]",Aimée
jsanderseb@discovery.com,Sanders,"[""57-(521)520-7488""]",Léonie
kgibsonec@msn.com,Gibson,"[""86-(269)738-3851""]",Åslög
dchapmaned@about.com,Chapman,"[""66-(705)794-2376""]",Vénus
bpriceee@mapquest.com,Price,"[""86-(684)252-9103""]",Océane
jedwardsef@salon.com,Edwards,"[""7-(695)665-0417""]",Rachèle
anguyeneg@histats.com,Nguyen,"[""62-(774)744-9785""]",Marie-hélène
rriveraeh@nydailynews.com,Rivera,"[""62-(501)156-3953""]",Mélina
maustinei@addtoany.com,Austin,"[""227-(359)757-7933""]",Torbjörn
jstephensej@loc.gov,Stephens,"[""591-(722)426-4911""]",Publicité
lwatkinsek@miibeian.gov.cn,Watkins,"[""961-(678)251-2999""]",Gaïa
candersonel@virginia.edu,Anderson,"[""86-(566)912-9870""]",Magdalène
sellisem@ftc.gov,Ellis,"[""351-(496)652-3953""]",Göran
jscotten@xinhuanet.com,Scott,"[""380-(477)116-3403""]",Méline
acolemaneo@domainmarket.com,Coleman,"[""93-(178)929-3082""]",Magdalène
cperezep@merriam-webster.com,Perez,"[""7-(514)155-1327""]",Nélie
mhudsoneq@bluehost.com,Hudson,"[""7-(343)735-0210""]",Géraldine
rcarrer@nymag.com,Carr,"[""269-(550)686-5602""]",Danièle
btorreses@yandex.ru,Torres,"[""33-(630)301-7816""]",Aí
abishopet@cpanel.net,Bishop,"[""57-(427)273-8976""]",Bérangère
nturnereu@japanpost.jp,Turner,"[""51-(901)784-0723""]",Estée
mramosev@google.ca,Ramos,"[""86-(483)244-2079""]",Noëlla
falexanderew@home.pl,Alexander,"[""55-(789)328-0859""]",Uò
aruizex@java.com,Ruiz,"[""7-(997)616-4954""]",Åsa
esimpsoney@oracle.com,Simpson,"[""236-(331)433-3682""]",Mélina
sramosez@1und1.de,Ramos,"[""86-(602)290-5085""]",Naéva
nromerof0@posterous.com,Romero,"[""62-(453)919-0657""]",Miléna
lhughesf1@yellowbook.com,Hughes,"[""48-(863)714-6366""]",Kallisté
dmedinaf2@is.gd,Medina,"[""63-(293)892-4978""]",Alizée
tmitchellf3@jiathis.com,Mitchell,"[""60-(224)901-4468""]",Nadège
rarmstrongf4@homestead.com,Armstrong,"[""55-(979)419-7995""]",Intéressant
jmurrayf5@last.fm,Murray,"[""86-(883)372-3457""]",Léonie
rhawkinsf6@yahoo.com,Hawkins,"[""62-(159)577-8453""]",Méline
cwillisf7@yahoo.com,Willis,"[""82-(132)890-7060""]",Magdalène
cwagnerf8@cafepress.com,Wagner,"[""81-(347)400-4975""]",Lauréna
tcarterf9@canalblog.com,Carter,"[""62-(852)154-2340""]",Danièle
aholmesfa@infoseek.co.jp,Holmes,"[""62-(378)634-9522""]",Erwéi
awhitefb@telegraph.co.uk,White,"[""51-(926)290-3061""]",Geneviève
rhicksfc@stumbleupon.com,Hicks,"[""62-(109)246-2668""]",Liè
sthomasfd@behance.net,Thomas,"[""7-(234)164-3018""]",Maëline
rwatkinsfe@diigo.com,Watkins,"[""63-(924)808-7238""]",Östen
bknightff@miitbeian.gov.cn,Knight,"[""381-(567)572-0431""]",Björn
ssnyderfg@smh.com.au,Snyder,"[""47-(167)979-4598""]",Märta
bmoralesfh@woothemes.com,Morales,"[""880-(922)931-5994""]",Gwenaëlle
kwheelerfi@posterous.com,Wheeler,"[""33-(460)221-9513""]",Annotés
dwilliamsfj@deviantart.com,Williams,"[""52-(544)946-4390""]",Marylène
tmorrisfk@so-net.ne.jp,Morris,"[""63-(289)568-4161""]",Almérinda
ahendersonfl@bandcamp.com,Henderson,"[""62-(434)710-5931""]",Magdalène
jgibsonfm@mlb.com,Gibson,"[""420-(709)359-0216""]",Andréa
karnoldfn@networkadvertising.org,Arnold,"[""351-(197)160-4125""]",Nélie
bgomezfo@creativecommons.org,Gomez,"[""48-(931)614-2900""]",André
jallenfp@so-net.ne.jp,Allen,"[""373-(195)223-4704""]",Eléa
dortizfq@spotify.com,Ortiz,"[""86-(290)247-0404""]",Inès
bmyersfr@accuweather.com,Myers,"[""7-(987)537-2496""]",Bécassine
hbennettfs@topsy.com,Bennett,"[""420-(974)328-9899""]",Marie-hélène
cwestft@shop-pro.jp,West,"[""55-(404)199-9461""]",Daphnée
kkimfu@amazon.co.uk,Kim,"[""95-(494)165-1672""]",Eliès
dhernandezfv@dyndns.org,Hernandez,"[""86-(991)242-8506""]",Renée
jbryantfw@redcross.org,Bryant,"[""86-(931)258-1387""]",Illustrée
awelchfx@blogtalkradio.com,Welch,"[""52-(319)661-0224""]",Garçon
slongfy@gravatar.com,Long,"[""46-(802)724-4854""]",Åsa
nmatthewsfz@japanpost.jp,Matthews,"[""60-(155)544-6646""]",Lài
cpowellg0@shinystat.com,Powell,"[""48-(950)251-8002""]",Séréna
jkelleyg1@ycombinator.com,Kelley,"[""62-(426)429-5077""]",Geneviève
kgeorgeg2@canalblog.com,George,"[""86-(651)736-2139""]",Nélie
rjohnstong3@t-online.de,Johnston,"[""86-(771)302-1070""]",Eloïse
relliottg4@omniture.com,Elliott,"[""976-(966)587-7388""]",Mélina
hhughesg5@so-net.ne.jp,Hughes,"[""57-(687)964-7648""]",Mahélie
mbaileyg6@microsoft.com,Bailey,"[""86-(395)394-1991""]",Björn
smccoyg7@infoseek.co.jp,Mccoy,"[""63-(193)755-7838""]",Gérald
bhernandezg8@boston.com,Hernandez,"[""54-(136)330-3436""]",Táng
palvarezg9@dagondesign.com,Alvarez,"[""27-(661)496-7311""]",Táng
efoxga@odnoklassniki.ru,Fox,"[""64-(551)532-9644""]",Médiamass
nellisgb@dedecms.com,Ellis,"[""33-(639)451-6022""]",Chloé
sbowmangc@nsw.gov.au,Bowman,"[""86-(151)652-2157""]",Thérèsa
hwillisgd@oaic.gov.au,Willis,"[""62-(552)403-3082""]",Maï
dwalkerge@livejournal.com,Walker,"[""420-(436)398-7417""]",Maïté
amillergf@people.com.cn,Miller,"[""86-(424)454-1590""]",Célestine
wriveragg@vistaprint.com,Rivera,"[""63-(310)866-3561""]",Anaé
jperrygh@mysql.com,Perry,"[""86-(620)444-7973""]",Ráo
jarmstronggi@google.co.jp,Armstrong,"[""81-(915)813-0829""]",Almérinda
nfergusongj@forbes.com,Ferguson,"[""62-(922)226-9132""]",Aloïs
bpowellgk@mapquest.com,Powell,"[""976-(132)879-4309""]",Chloé
kspencergl@so-net.ne.jp,Spencer,"[""62-(351)124-8057""]",Méng
fkimgm@cdbaby.com,Kim,"[""86-(614)915-5951""]",Börje
jbakergn@elpais.com,Baker,"[""420-(453)616-0619""]",Mélanie
jfernandezgo@free.fr,Fernandez,"[""358-(537)443-3440""]",Méline
dmurraygp@reverbnation.com,Murray,"[""7-(260)854-5632""]",Almérinda
cbrooksgq@lycos.com,Brooks,"[""30-(962)286-9250""]",Loïs
dgarrettgr@foxnews.com,Garrett,"[""86-(782)425-0229""]",Méghane
shuntgs@economist.com,Hunt,"[""86-(577)413-2028""]",Fèi
msimsgt@phpbb.com,Sims,"[""86-(655)334-0901""]",Méryl
ebanksgu@bizjournals.com,Banks,"[""850-(337)953-9762""]",Aí
bbrowngv@jugem.jp,Brown,"[""86-(168)623-3950""]",Alizée
dlopezgw@slate.com,Lopez,"[""963-(108)683-1415""]",Régine
pbakergx@joomla.org,Baker,"[""86-(490)667-0568""]",Zoé
fwashingtongy@columbia.edu,Washington,"[""86-(179)140-9441""]",Lyséa
gsanchezgz@virginia.edu,Sanchez,"[""86-(887)502-8410""]",Eloïse
sduncanh0@salon.com,Duncan,"[""30-(559)147-7321""]",Béatrice
fgeorgeh1@nhs.uk,George,"[""7-(375)495-2278""]",Maéna
pmeyerh2@mac.com,Meyer,"[""976-(395)615-1070""]",Lài
dpriceh3@cyberchimps.com,Price,"[""47-(961)686-0469""]",Maïlis
dhawkinsh4@drupal.org,Hawkins,"[""46-(874)649-3191""]",Mélodie
rfowlerh5@so-net.ne.jp,Fowler,"[""1-(704)871-1101""]",Pénélope
spriceh6@cargocollective.com,Price,"[""86-(383)684-4771""]",Lyséa
mcarpenterh7@usda.gov,Carpenter,"[""55-(127)354-5602""]",Håkan
mbishoph8@mail.ru,Bishop,"[""55-(718)420-5399""]",Estève
jjacobsh9@state.gov,Jacobs,"[""852-(926)731-9978""]",Maïwenn
bgarciaha@disqus.com,Garcia,"[""47-(769)959-0300""]",Clémentine
ekellyhb@lycos.com,Kelly,"[""46-(856)105-8345""]",Léandre
kmorenohc@wufoo.com,Moreno,"[""33-(158)197-9940""]",Marlène
mcarrollhd@nationalgeographic.com,Carroll,"[""82-(309)285-8916""]",Aí
abakerhe@bbc.co.uk,Baker,"[""7-(882)272-8251""]",Maéna
srodriguezhf@gov.uk,Rodriguez,"[""33-(559)591-1052""]",Eugénie
candrewshg@lycos.com,Andrews,"[""244-(651)411-5873""]",Kuí
kgarciahh@imageshack.us,Garcia,"[""503-(333)772-2558""]",Stéphanie
rpiercehi@ft.com,Pierce,"[""63-(111)691-8571""]",Danièle
aallenhj@theatlantic.com,Allen,"[""33-(709)580-1460""]",Sélène
rmorenohk@slideshare.net,Moreno,"[""994-(251)672-0873""]",Mahélie
jgarretthl@indiatimes.com,Garrett,"[""970-(287)292-8920""]",Gaétane
adeanhm@ning.com,Dean,"[""46-(175)907-5295""]",Pélagie
mdunnhn@timesonline.co.uk,Dunn,"[""62-(593)680-3131""]",Véronique
lsullivanho@hhs.gov,Sullivan,"[""86-(690)511-6162""]",Lèi
rmcdonaldhp@mysql.com,Mcdonald,"[""86-(606)153-8760""]",Kù
dramoshq@deliciousdays.com,Ramos,"[""504-(416)190-8048""]",Mélys
srodriguezhr@redcross.org,Rodriguez,"[""505-(784)694-4409""]",Léana
ngardnerhs@bbb.org,Gardner,"[""351-(712)453-7881""]",Stévina
agarzaht@google.cn,Garza,"[""64-(941)352-1660""]",Joséphine
vgarciahu@cocolog-nifty.com,Garcia,"[""47-(748)277-6391""]",Erwéi
mwillishv@blogspot.com,Willis,"[""66-(992)785-0240""]",Östen
gharthw@shinystat.com,Hart,"[""46-(733)652-3350""]",Ruò
jweaverhx@pcworld.com,Weaver,"[""55-(351)710-3740""]",Cloé
gwilsonhy@yellowpages.com,Wilson,"[""86-(537)483-5870""]",Lauréna
wfrazierhz@gizmodo.com,Frazier,"[""62-(625)918-4214""]",Anaël
scarrolli0@fotki.com,Carroll,"[""33-(105)878-9318""]",Léonore
gthomasi1@hud.gov,Thomas,"[""36-(109)183-8437""]",Aí
dandrewsi2@blogspot.com,Andrews,"[""7-(752)736-7173""]",Béatrice
phalli3@ed.gov,Hall,"[""86-(362)959-6425""]",Yóu
fhughesi4@dot.gov,Hughes,"[""55-(392)381-9879""]",Clélia
kjonesi5@tiny.cc,Jones,"[""55-(414)390-2583""]",Lyséa
kpetersi6@liveinternet.ru,Peters,"[""86-(186)682-4062""]",Östen
lchavezi7@diigo.com,Chavez,"[""1-(812)370-5133""]",Léandre
jperezi8@acquirethisname.com,Perez,"[""86-(388)438-6258""]",Mahélie
rchapmani9@usda.gov,Chapman,"[""380-(422)881-1707""]",Personnalisée
kholmesia@desdev.cn,Holmes,"[""255-(348)838-0790""]",Mélissandre
pruizib@auda.org.au,Ruiz,"[""850-(954)887-1150""]",Cinéma
plawrenceic@youtu.be,Lawrence,"[""86-(244)108-6911""]",Laurélie
wstevensid@opera.com,Stevens,"[""351-(409)523-4978""]",Loïca
tpierceie@histats.com,Pierce,"[""358-(653)402-7477""]",Lóng
cwhiteif@china.com.cn,White,"[""216-(422)434-5724""]",Joséphine
alynchig@engadget.com,Lynch,"[""967-(972)248-8384""]",Cécile
ejacobsih@yellowpages.com,Jacobs,"[""62-(591)932-7675""]",Jú
cfrazierii@economist.com,Frazier,"[""53-(340)806-5722""]",Léonie
scarrollij@myspace.com,Carroll,"[""86-(276)556-7814""]",Gaétane
lrussellik@yolasite.com,Russell,"[""86-(815)809-6510""]",Géraldine
jdavisil@examiner.com,Davis,"[""86-(196)252-8161""]",Mélodie
cwestim@people.com.cn,West,"[""45-(263)974-5695""]",Bérénice
tcarterin@shinystat.com,Carter,"[""30-(420)902-3037""]",Gérald
bmontgomeryio@bing.com,Montgomery,"[""963-(875)420-3741""]",Dorothée
cvasquezip@wikispaces.com,Vasquez,"[""86-(961)986-2826""]",Solène
lthompsoniq@unesco.org,Thompson,"[""30-(687)772-7246""]",Céline
kkennedyir@ca.gov,Kennedy,"[""86-(868)749-6363""]",Félicie
bmorganis@salon.com,Morgan,"[""51-(610)307-7883""]",Cinéma
warnoldit@opensource.org,Arnold,"[""86-(843)767-8296""]",Angélique
cwrightiu@vkontakte.ru,Wright,"[""62-(130)485-1379""]",Dorothée
sweaveriv@psu.edu,Weaver,"[""86-(120)411-0039""]",Mélia
hpayneiw@netlog.com,Payne,"[""62-(355)371-8326""]",Maéna
dkingix@cam.ac.uk,King,"[""62-(288)664-5703""]",Léa
creediy@acquirethisname.com,Reed,"[""254-(990)198-0003""]",Håkan
bwheeleriz@ftc.gov,Wheeler,"[""256-(570)374-7409""]",Eléonore
jchapmanj0@youtube.com,Chapman,"[""242-(287)287-7909""]",Mélia
parmstrongj1@technorati.com,Armstrong,"[""387-(518)258-5374""]",Anaé
slongj2@livejournal.com,Long,"[""86-(564)429-1315""]",Lén
dryanj3@ucoz.com,Ryan,"[""235-(806)150-4396""]",Dù
bpiercej4@army.mil,Pierce,"[""371-(957)792-0949""]",Magdalène
jmorrisj5@bing.com,Morris,"[""86-(910)566-0968""]",Maëlann
jrayj6@quantcast.com,Ray,"[""967-(149)644-2823""]",Örjan
lsimpsonj7@nymag.com,Simpson,"[""86-(140)875-1375""]",Maïlis
aporterj8@businessinsider.com,Porter,"[""86-(241)480-6824""]",Eloïse
ahuntj9@e-recht24.de,Hunt,"[""992-(411)836-2630""]",Léonore
ecooperja@examiner.com,Cooper,"[""86-(168)752-1783""]",Marie-hélène
wyoungjb@yahoo.co.jp,Young,"[""63-(824)959-1561""]",Edmée
lcoxjc@networksolutions.com,Cox,"[""1-(989)344-2836""]",Mélinda
jfergusonjd@diigo.com,Ferguson,"[""48-(374)195-8976""]",Vérane
dcarrje@webnode.com,Carr,"[""86-(784)837-7410""]",Aurélie
afisherjf@topsy.com,Fisher,"[""86-(830)421-8220""]",Salomé
rmillsjg@hao123.com,Mills,"[""63-(981)968-3235""]",Amélie
rcarrolljh@issuu.com,Carroll,"[""62-(383)720-9802""]",Sélène
eperezji@mediafire.com,Perez,"[""7-(357)672-9591""]",Joséphine
cmcdonaldjj@meetup.com,Mcdonald,"[""972-(335)905-9037""]",Cléa
nweaverjk@usatoday.com,Weaver,"[""48-(596)253-1538""]",Marie-noël
mmccoyjl@google.com,Mccoy,"[""52-(564)185-0625""]",Håkan
rcarrolljm@geocities.com,Carroll,"[""66-(321)757-3672""]",Eléa
wbutlerjn@blogger.com,Butler,"[""420-(186)400-8142""]",Åsa
hdixonjo@dedecms.com,Dixon,"[""234-(283)397-9965""]",Cécilia
bfieldsjp@cargocollective.com,Fields,"[""7-(666)717-2808""]",Noémie
brodriguezjq@homestead.com,Rodriguez,"[""372-(569)835-7918""]",Cinéma
khunterjr@wiley.com,Hunter,"[""593-(558)168-9718""]",Kallisté
rhayesjs@nyu.edu,Hayes,"[""51-(994)198-6406""]",Irène
lscottjt@networkadvertising.org,Scott,"[""7-(562)420-3900""]",Angèle
ppalmerju@hexun.com,Palmer,"[""55-(263)568-1441""]",Dafnée
mwilliamsjv@sogou.com,Williams,"[""86-(199)189-9339""]",Stévina
eschmidtjw@blogs.com,Schmidt,"[""86-(787)296-4642""]",Dafnée
jcooperjx@nyu.edu,Cooper,"[""51-(442)982-6244""]",Noëlla
afoxjy@google.com.br,Fox,"[""48-(702)851-8497""]",Marie-thérèse
krodriguezjz@dropbox.com,Rodriguez,"[""63-(361)122-3798""]",Åslög
hruizk0@meetup.com,Ruiz,"[""53-(346)286-6485""]",Marlène
breidk1@mtv.com,Reid,"[""52-(682)260-1628""]",Anaé
dwallacek2@goodreads.com,Wallace,"[""81-(517)752-6252""]",Rébecca
ahowellk3@nasa.gov,Howell,"[""689-(913)273-1984""]",Gaétane
kdunnk4@hexun.com,Dunn,"[""86-(364)340-8341""]",Renée
ahunterk5@google.com.hk,Hunter,"[""598-(648)200-5299""]",Marlène
awheelerk6@cnn.com,Wheeler,"[""86-(711)352-2974""]",Léone
pmarshallk7@g.co,Marshall,"[""593-(761)942-1311""]",Publicité
mpalmerk8@microsoft.com,Palmer,"[""51-(982)487-5467""]",Adélaïde
jperezk9@taobao.com,Perez,"[""54-(190)413-2480""]",Gaïa
hspencerka@yandex.ru,Spencer,"[""48-(985)586-1173""]",Crééz
lcarterkb@pinterest.com,Carter,"[""63-(671)609-7333""]",Bénédicte
bhansenkc@edublogs.org,Hansen,"[""51-(113)956-3183""]",Adèle
dburnskd@disqus.com,Burns,"[""33-(288)467-2044""]",Léonore
ataylorke@dot.gov,Taylor,"[""261-(770)419-7219""]",Frédérique
emartinezkf@tmall.com,Martinez,"[""1-(321)663-1906""]",Renée
sbarneskg@si.edu,Barnes,"[""7-(221)600-8640""]",Faîtes
swoodkh@rediff.com,Wood,"[""30-(530)732-6428""]",Garçon
sparkerki@nasa.gov,Parker,"[""66-(780)515-3718""]",Geneviève
lpowellkj@i2i.jp,Powell,"[""7-(101)309-8707""]",Alizée
nhamiltonkk@japanpost.jp,Hamilton,"[""46-(139)520-1875""]",Illustrée
jwagnerkl@etsy.com,Wagner,"[""86-(940)851-3584""]",Angèle
eowenskm@businesswire.com,Owens,"[""94-(997)453-3561""]",Valérie
dcruzkn@google.co.jp,Cruz,"[""33-(807)588-7201""]",Maëlle
jcoxko@state.tx.us,Cox,"[""1-(622)490-2539""]",Naéva
bschmidtkp@uiuc.edu,Schmidt,"[""221-(290)775-2668""]",Aurélie
chowellkq@time.com,Howell,"[""62-(910)498-0926""]",Marylène
ndaviskr@bluehost.com,Davis,"[""506-(457)340-3737""]",Mélinda
kbrownks@bizjournals.com,Brown,"[""33-(453)333-8166""]",Edmée
bharveykt@technorati.com,Harvey,"[""62-(975)377-4457""]",Liè
lmorganku@europa.eu,Morgan,"[""7-(917)649-9975""]",Anaël
rwellskv@whitehouse.gov,Wells,"[""62-(207)462-0222""]",Görel
crogerskw@fc2.com,Rogers,"[""30-(182)508-5678""]",Mélys
asnyderkx@abc.net.au,Snyder,"[""93-(455)999-9225""]",Dorothée
nwilliamsonky@walmart.com,Williamson,"[""63-(423)596-8084""]",Bérangère
jwheelerkz@freewebs.com,Wheeler,"[""86-(412)907-9237""]",Maïwenn
lmasonl0@yellowbook.com,Mason,"[""63-(685)314-8967""]",Pò
badamsl1@blog.com,Adams,"[""62-(711)814-2962""]",Ráo
avasquezl2@shareasale.com,Vasquez,"[""86-(160)236-3075""]",Desirée
psimmonsl3@craigslist.org,Simmons,"[""30-(480)318-9385""]",Publicité
blittlel4@google.com,Little,"[""970-(288)806-0884""]",Intéressant
jrichardsonl5@ask.com,Richardson,"[""33-(202)628-1738""]",Valérie
tpiercel6@admin.ch,Pierce,"[""48-(144)201-4188""]",Örjan
wblackl7@hubpages.com,Black,"[""48-(656)533-9263""]",Géraldine
rnguyenl8@alexa.com,Nguyen,"[""7-(489)846-1772""]",Maï
kcunninghaml9@digg.com,Cunningham,"[""680-(554)249-2032""]",Chloé
edavisla@oaic.gov.au,Davis,"[""46-(123)359-4868""]",Bénédicte
rramirezlb@forbes.com,Ramirez,"[""84-(347)660-7646""]",Rébecca
abennettlc@rakuten.co.jp,Bennett,"[""229-(156)933-3969""]",Pénélope
bhansonld@wired.com,Hanson,"[""972-(673)570-3854""]",Amélie
bhayesle@toplist.cz,Hayes,"[""55-(429)943-0261""]",Stéphanie
bwallacelf@histats.com,Wallace,"[""86-(365)650-1040""]",Mélodie
jwalkerlg@upenn.edu,Walker,"[""972-(604)814-4896""]",Marie-josée
cwilliamslh@sfgate.com,Williams,"[""62-(227)823-1164""]",Anaé
jcookli@i2i.jp,Cook,"[""1-(643)847-0709""]",Loïs
jlopezlj@apple.com,Lopez,"[""355-(387)801-0302""]",Maïté
kcolelk@hp.com,Cole,"[""970-(218)721-7878""]",Maïlis
rgarrettll@ucla.edu,Garrett,"[""359-(471)882-8624""]",Naëlle
wfieldslm@marketwatch.com,Fields,"[""48-(154)280-5137""]",Erwéi
cshawln@artisteer.com,Shaw,"[""7-(131)422-5652""]",Mélinda
dwagnerlo@devhub.com,Wagner,"[""63-(477)347-3660""]",Océane
rwilliamslp@a8.net,Williams,"[""86-(557)829-0836""]",Maëlyss
jnguyenlq@facebook.com,Nguyen,"[""86-(453)976-1444""]",Médiamass
dgordonlr@g.co,Gordon,"[""7-(784)878-8569""]",Märta
phunterls@jiathis.com,Hunter,"[""81-(292)253-1731""]",Andréa
rrodriguezlt@prlog.org,Rodriguez,"[""63-(180)991-1073""]",Wá
dwilsonlu@360.cn,Wilson,"[""7-(917)671-2758""]",Vénus
ariveralv@mac.com,Rivera,"[""86-(114)891-2314""]",Adèle
jjacksonlw@sbwire.com,Jackson,"[""86-(271)993-2822""]",Maïly
aperkinslx@tamu.edu,Perkins,"[""260-(352)700-0610""]",Médiamass
npattersonly@arizona.edu,Patterson,"[""241-(421)471-3224""]",Maïlis
jparkerlz@telegraph.co.uk,Parker,"[""66-(210)237-6861""]",Gaëlle
amoralesm0@ted.com,Morales,"[""55-(876)121-2281""]",Maïté
rbowmanm1@amazon.co.jp,Bowman,"[""47-(229)806-1255""]",Thérèsa
pmitchellm2@narod.ru,Mitchell,"[""7-(747)319-9043""]",Clémence
grogersm3@shutterfly.com,Rogers,"[""7-(260)912-6054""]",Josée
lhudsonm4@tumblr.com,Hudson,"[""86-(169)707-7799""]",Aí
rwilliamsm5@mapquest.com,Williams,"[""86-(714)994-3133""]",Björn
eyoungm6@wikia.com,Young,"[""33-(590)840-8892""]",Maëline
kwashingtonm7@barnesandnoble.com,Washington,"[""975-(164)641-6067""]",Noëlla
prichardsonm8@mapquest.com,Richardson,"[""66-(729)555-8431""]",Réservés
dnelsonm9@soundcloud.com,Nelson,"[""55-(572)161-6208""]",Garçon
mevansma@goodreads.com,Evans,"[""48-(666)866-3663""]",Yénora
gfergusonmb@squidoo.com,Ferguson,"[""62-(824)689-1388""]",Thérèsa
tlarsonmc@archive.org,Larson,"[""62-(977)621-5583""]",Mélinda
wmatthewsmd@buzzfeed.com,Matthews,"[""1-(405)853-6637""]",Léone
sharperme@jimdo.com,Harper,"[""48-(682)364-2753""]",Valérie
acartermf@cbslocal.com,Carter,"[""27-(264)381-7264""]",Maëlle
djamesmg@reverbnation.com,James,"[""86-(289)738-2796""]",Mén
rlittlemh@facebook.com,Little,"[""375-(148)190-8236""]",Alizée
hcastillomi@china.com.cn,Castillo,"[""216-(392)553-7328""]",Irène
jcookmj@reddit.com,Cook,"[""54-(343)920-3854""]",Noëlla
mmontgomerymk@nsw.gov.au,Montgomery,"[""86-(973)231-2688""]",Néhémie
ewashingtonml@columbia.edu,Washington,"[""502-(438)322-8727""]",Aurélie
pyoungmm@mit.edu,Young,"[""57-(921)676-0676""]",Andrée
mjacksonmn@biblegateway.com,Jackson,"[""33-(219)318-7435""]",Adélaïde
kfoxmo@oaic.gov.au,Fox,"[""55-(722)783-5443""]",Séréna
scoxmp@accuweather.com,Cox,"[""1-(769)177-9743""]",Léana
hbanksmq@4shared.com,Banks,"[""86-(179)433-3460""]",Lyséa
ggilbertmr@blogtalkradio.com,Gilbert,"[""62-(684)679-0831""]",Mélodie
dhawkinsms@walmart.com,Hawkins,"[""86-(412)957-8321""]",Thérèse
jmasonmt@blogspot.com,Mason,"[""57-(850)863-2114""]",Andréa
rarnoldmu@npr.org,Arnold,"[""63-(674)553-7529""]",Aloïs
mramosmv@meetup.com,Ramos,"[""381-(789)970-0302""]",Michèle
dchapmanmw@cornell.edu,Chapman,"[""55-(957)566-3097""]",Méthode
eryanmx@t.co,Ryan,"[""1-(134)845-4582""]",Märta
awoodsmy@ycombinator.com,Woods,"[""222-(644)272-8882""]",Léane
rbutlermz@si.edu,Butler,"[""976-(257)258-6471""]",Östen
jsmithn0@telegraph.co.uk,Smith,"[""81-(777)581-8227""]",Lauréna
mevansn1@blogtalkradio.com,Evans,"[""420-(750)778-5731""]",Cléopatre
llynchn2@cam.ac.uk,Lynch,"[""351-(302)771-4413""]",Märta
pkingn3@amazon.co.uk,King,"[""63-(801)762-0477""]",Clémence
malvarezn4@cnet.com,Alvarez,"[""351-(953)910-5546""]",Naëlle
wrobertsn5@odnoklassniki.ru,Roberts,"[""86-(406)739-2319""]",Méthode
msimsn6@hhs.gov,Sims,"[""7-(828)254-6822""]",Cléa
bgordonn7@mapy.cz,Gordon,"[""60-(156)563-5440""]",Erwéi
lwatkinsn8@europa.eu,Watkins,"[""55-(663)820-6655""]",Andrée
gbrownn9@prlog.org,Brown,"[""33-(384)627-4259""]",Salomé
ahernandezna@who.int,Hernandez,"[""385-(639)514-2359""]",Maïly
pbradleynb@aboutads.info,Bradley,"[""381-(932)554-5518""]",Mélanie
csimmonsnc@skyrock.com,Simmons,"[""52-(141)361-1667""]",Anaëlle
schapmannd@surveymonkey.com,Chapman,"[""58-(865)213-2469""]",Yáo
dreedne@goo.gl,Reed,"[""86-(992)764-1841""]",Ruì
sreynoldsnf@virginia.edu,Reynolds,"[""595-(536)218-5385""]",Kuí
jreedng@ed.gov,Reed,"[""48-(127)990-2096""]",Gaétane
fpattersonnh@who.int,Patterson,"[""86-(510)335-0988""]",Clémence
cwilliamsonni@vistaprint.com,Williamson,"[""27-(885)329-9307""]",Lauréna
rcarternj@parallels.com,Carter,"[""381-(100)720-9599""]",Miléna
apricenk@constantcontact.com,Price,"[""358-(491)639-0868""]",Cunégonde
jcarternl@fastcompany.com,Carter,"[""62-(904)318-4563""]",Kuí
hfieldsnm@vistaprint.com,Fields,"[""62-(184)440-4121""]",Maïly
kwellsnn@cdbaby.com,Wells,"[""86-(605)216-6194""]",Noëlla
bfullerno@sogou.com,Fuller,"[""380-(101)890-9725""]",Miléna
ktuckernp@imdb.com,Tucker,"[""86-(726)114-5149""]",Ruò
jkelleynq@foxnews.com,Kelley,"[""7-(611)214-1326""]",Clémentine
jschmidtnr@jigsy.com,Schmidt,"[""63-(358)264-0082""]",Gaétane
jmontgomeryns@i2i.jp,Montgomery,"[""86-(946)306-9037""]",Annotée
dgarciant@geocities.jp,Garcia,"[""55-(897)316-9545""]",Lèi
chowardnu@nbcnews.com,Howard,"[""62-(383)833-7196""]",Maïwenn
khernandeznv@hibu.com,Hernandez,"[""63-(186)345-0559""]",Erwéi
creednw@hao123.com,Reed,"[""33-(283)497-1324""]",Inès
jellisnx@w3.org,Ellis,"[""595-(318)892-6134""]",Lucrèce
jnicholsny@webnode.com,Nichols,"[""225-(713)473-8890""]",Åsa
sburnsnz@discuz.net,Burns,"[""375-(969)782-4842""]",Aloïs
kwagnero0@google.fr,Wagner,"[""81-(360)309-5645""]",Aimée
ablacko1@fastcompany.com,Black,"[""36-(766)489-7795""]",Aimée
kandersono2@blogger.com,Anderson,"[""351-(992)776-0500""]",Angélique
sparkero3@nyu.edu,Parker,"[""33-(164)904-5899""]",Léonie
kreynoldso4@columbia.edu,Reynolds,"[""7-(994)371-4223""]",Adélaïde
rjenkinso5@nydailynews.com,Jenkins,"[""63-(176)676-6847""]",Maïly
asimso6@i2i.jp,Sims,"[""62-(584)811-5215""]",Liè
wburnso7@craigslist.org,Burns,"[""62-(747)806-8166""]",Åke
cnicholso8@github.com,Nichols,"[""353-(105)107-0487""]",Jú
ssanchezo9@hao123.com,Sanchez,"[""81-(286)442-0207""]",Maëly
dortizoa@virginia.edu,Ortiz,"[""353-(627)343-4486""]",Léonore
ksmithob@umich.edu,Smith,"[""86-(548)941-5448""]",Eliès
vfoxoc@sina.com.cn,Fox,"[""48-(793)204-8652""]",Pélagie
agibsonod@geocities.com,Gibson,"[""20-(629)564-5732""]",Nadège
aweaveroe@vinaora.com,Weaver,"[""63-(489)716-4209""]",Maéna
pburkeof@nasa.gov,Burke,"[""44-(532)377-4041""]",André
salvarezog@indiatimes.com,Alvarez,"[""52-(324)321-6476""]",Méline
rperezoh@mysql.com,Perez,"[""66-(397)803-0967""]",Marie-ève
tperryoi@sbwire.com,Perry,"[""33-(131)717-7218""]",Lorène
kfloresoj@japanpost.jp,Flores,"[""86-(754)127-2604""]",Adélie
hleeok@drupal.org,Lee,"[""371-(820)143-3737""]",Maïly
holiverol@irs.gov,Oliver,"[""62-(638)398-8068""]",Yú
sfowlerom@symantec.com,Fowler,"[""86-(680)532-0897""]",Séréna
rpierceon@paginegialle.it,Pierce,"[""385-(100)302-0743""]",Adélaïde
mwebboo@businessinsider.com,Webb,"[""7-(255)443-6208""]",Renée
cbarnesop@umich.edu,Barnes,"[""86-(823)872-1806""]",Noémie
swestoq@qq.com,West,"[""598-(997)115-6153""]",Marie-ève
kknightor@earthlink.net,Knight,"[""55-(754)506-2864""]",Annotée
scruzos@si.edu,Cruz,"[""62-(820)829-8595""]",Frédérique
dpayneot@pbs.org,Payne,"[""351-(546)747-9750""]",Salomé
ttuckerou@youtu.be,Tucker,"[""39-(601)208-2658""]",Lài
smedinaov@redcross.org,Medina,"[""63-(221)416-0872""]",Rachèle
egriffinow@usa.gov,Griffin,"[""351-(622)335-9624""]",Gaëlle
rwatkinsox@statcounter.com,Watkins,"[""242-(821)145-0306""]",Loïca
revansoy@mozilla.org,Evans,"[""55-(352)528-9329""]",Maïly
ewheeleroz@google.it,Wheeler,"[""386-(696)517-7787""]",Marlène
kchapmanp0@google.ru,Chapman,"[""51-(319)234-5122""]",Bécassine
tdiazp1@engadget.com,Diaz,"[""976-(629)538-5204""]",Anaïs
dhicksp2@economist.com,Hicks,"[""86-(544)628-8675""]",Gösta
wmillerp3@lulu.com,Miller,"[""225-(806)176-7798""]",Simplifiés
lreedp4@zimbio.com,Reed,"[""86-(416)620-0055""]",Salomé
mwilliamsp5@bloglovin.com,Williams,"[""86-(283)171-2662""]",Aimée
dwarrenp6@google.cn,Warren,"[""57-(615)394-3040""]",Maï
mfergusonp7@blog.com,Ferguson,"[""7-(413)808-8180""]",Maëlann
elewisp8@elegantthemes.com,Lewis,"[""970-(552)650-8685""]",Magdalène
bcunninghamp9@privacy.gov.au,Cunningham,"[""55-(757)692-5995""]",Irène
cgriffinpa@vinaora.com,Griffin,"[""420-(269)998-8421""]",Lóng
lcarrpb@google.pl,Carr,"[""81-(556)555-8048""]",Clélia
esanchezpc@odnoklassniki.ru,Sanchez,"[""994-(896)751-4534""]",Anaé
bburkepd@sciencedaily.com,Burke,"[""1-(615)418-0838""]",Lén
kreidpe@flickr.com,Reid,"[""1-(304)849-9090""]",André
dpalmerpf@discuz.net,Palmer,"[""55-(651)318-5249""]",Yóu
lwoodspg@google.co.uk,Woods,"[""86-(285)861-4709""]",Eléonore
candrewsph@technorati.com,Andrews,"[""62-(381)575-4805""]",Mårten
lsmithpi@comcast.net,Smith,"[""359-(251)920-1644""]",Kallisté
dmorenopj@netscape.com,Moreno,"[""58-(275)717-9616""]",Marie-françoise
stuckerpk@cisco.com,Tucker,"[""7-(681)100-8662""]",Méghane
cmorenopl@etsy.com,Moreno,"[""358-(734)978-4227""]",Loïc
hperkinspm@oracle.com,Perkins,"[""992-(111)585-4070""]",Maëline
rchavezpn@apple.com,Chavez,"[""86-(645)895-1198""]",Zhì
abankspo@intel.com,Banks,"[""94-(827)783-2930""]",Renée
lgonzalespp@booking.com,Gonzales,"[""86-(495)553-6540""]",Thérèse
kwhitepq@wisc.edu,White,"[""49-(556)546-5775""]",Mégane
bruizpr@drupal.org,Ruiz,"[""62-(461)780-2376""]",Marie-josée
dgomezps@is.gd,Gomez,"[""225-(494)281-2868""]",Gaétane
jboydpt@usda.gov,Boyd,"[""62-(717)626-0140""]",Marie-ève
rbrookspu@vistaprint.com,Brooks,"[""7-(703)598-6664""]",Annotée
wfrazierpv@posterous.com,Frazier,"[""54-(328)778-4510""]",Célestine
jschmidtpw@shutterfly.com,Schmidt,"[""62-(432)176-6862""]",Léandre
shansonpx@utexas.edu,Hanson,"[""358-(404)226-3779""]",Dorothée
wberrypy@google.es,Berry,"[""55-(298)742-7380""]",Félicie
wjamespz@clickbank.net,James,"[""62-(795)844-8945""]",Nélie
bperkinsq0@fotki.com,Perkins,"[""33-(819)836-9706""]",Célia
vfergusonq1@myspace.com,Ferguson,"[""62-(547)417-5093""]",Mélia
rhawkinsq2@shutterfly.com,Hawkins,"[""62-(222)870-9176""]",Eugénie
sramirezq3@about.me,Ramirez,"[""86-(137)733-6453""]",Marie-thérèse
jgrahamq4@1688.com,Graham,"[""62-(702)737-4018""]",Céline
mmooreq5@fastcompany.com,Moore,"[""55-(399)810-6730""]",Mélanie
kharveyq6@slate.com,Harvey,"[""48-(503)693-8079""]",Pénélope
rdixonq7@bbb.org,Dixon,"[""420-(748)408-8397""]",Méng
cfernandezq8@webeden.co.uk,Fernandez,"[""81-(927)789-8266""]",Almérinda
dsullivanq9@unesco.org,Sullivan,"[""212-(276)674-0927""]",Maéna
gdavisqa@jimdo.com,Davis,"[""269-(166)197-3916""]",Faîtes
aturnerqb@spiegel.de,Turner,"[""86-(957)902-6529""]",Börje
fperryqc@disqus.com,Perry,"[""7-(615)391-0768""]",Miléna
vhillqd@usda.gov,Hill,"[""7-(103)354-2116""]",Médiamass
gjohnsonqe@businessinsider.com,Johnson,"[""86-(340)473-9298""]",Solène
grogersqf@dmoz.org,Rogers,"[""1-(661)752-7960""]",Réjane
akimqg@columbia.edu,Kim,"[""66-(239)159-3846""]",Cécile
lwagnerqh@prweb.com,Wagner,"[""56-(491)770-6391""]",Personnalisée
jvasquezqi@cmu.edu,Vasquez,"[""95-(136)208-5809""]",Edmée
rwilliamsqj@drupal.org,Williams,"[""62-(477)996-3167""]",Björn
charrisqk@scribd.com,Harris,"[""86-(389)149-8492""]",Estève
phudsonql@edublogs.org,Hudson,"[""62-(646)273-3677""]",Félicie
ablackqm@deviantart.com,Black,"[""86-(615)988-0673""]",Mén
sandrewsqn@unicef.org,Andrews,"[""386-(557)329-9171""]",Céline
ascottqo@amazon.com,Scott,"[""380-(836)379-0057""]",Ruò
afoxqp@cloudflare.com,Fox,"[""62-(968)787-0757""]",Anaëlle
aschmidtqq@seesaa.net,Schmidt,"[""86-(239)475-2682""]",Lorène
rhayesqr@jiathis.com,Hayes,"[""1-(540)488-5115""]",Mà
dstoneqs@homestead.com,Stone,"[""86-(730)310-6141""]",Cunégonde
dwebbqt@smugmug.com,Webb,"[""46-(138)877-4500""]",Clélia
calvarezqu@soundcloud.com,Alvarez,"[""62-(546)670-4781""]",Sélène
jfisherqv@ucsd.edu,Fisher,"[""691-(419)393-9527""]",Valérie
wandrewsqw@reddit.com,Andrews,"[""385-(716)994-7424""]",Fèi
jgonzalezqx@princeton.edu,Gonzalez,"[""86-(213)928-1622""]",Wá
cmcdonaldqy@ask.com,Mcdonald,"[""86-(364)567-3893""]",Marlène
mwhiteqz@usnews.com,White,"[""352-(493)763-5520""]",Maëlle
rharrisr0@ox.ac.uk,Harris,"[""370-(265)331-3064""]",Vérane
pchavezr1@cnbc.com,Chavez,"[""55-(959)393-8482""]",Maëlys
rburtonr2@theatlantic.com,Burton,"[""46-(969)109-3634""]",Liè
pburnsr3@irs.gov,Burns,"[""7-(355)861-9155""]",Médiamass
wpayner4@europa.eu,Payne,"[""86-(559)892-8814""]",Dafnée
kgarrettr5@uol.com.br,Garrett,"[""994-(400)331-3412""]",Anaël
dbaileyr6@weibo.com,Bailey,"[""62-(356)584-7275""]",Maïlis
lmatthewsr7@yellowbook.com,Matthews,"[""63-(621)838-2055""]",Naéva
hpetersr8@surveymonkey.com,Peters,"[""62-(644)430-5966""]",Lyséa
nmoorer9@g.co,Moore,"[""63-(994)865-4484""]",Eléa
ebutlerra@guardian.co.uk,Butler,"[""63-(231)753-3760""]",Daphnée
bwatkinsrb@abc.net.au,Watkins,"[""261-(837)616-5366""]",Hélène
mcruzrc@cmu.edu,Cruz,"[""62-(355)247-2829""]",Félicie
abellrd@spiegel.de,Bell,"[""387-(453)121-2632""]",Thérèse
kfowlerre@trellian.com,Fowler,"[""880-(577)480-3656""]",Märta
lvasquezrf@time.com,Vasquez,"[""86-(841)403-7492""]",Personnalisée
lwelchrg@epa.gov,Welch,"[""48-(188)336-3425""]",Anaël
roliverrh@state.gov,Oliver,"[""51-(749)636-2030""]",Kuí
rdayri@1und1.de,Day,"[""55-(140)697-6002""]",Clélia
awestrj@ucoz.com,West,"[""371-(519)814-8302""]",Bérangère
mpiercerk@nps.gov,Pierce,"[""380-(421)665-0617""]",Mylène
dcarterrl@unc.edu,Carter,"[""55-(620)924-8026""]",Eloïse
dlittlerm@pcworld.com,Little,"[""86-(660)995-7887""]",Gwenaëlle
vsnyderrn@51.la,Snyder,"[""62-(489)689-1873""]",Régine
mnelsonro@tripadvisor.com,Nelson,"[""212-(976)624-2222""]",Ráo
lhartrp@reference.com,Hart,"[""57-(923)351-9471""]",Eugénie
solsonrq@trellian.com,Olson,"[""33-(807)938-0985""]",Régine
cjenkinsrr@cafepress.com,Jenkins,"[""63-(692)485-8769""]",Pénélope
